id,title,slug,category,tags,excerpt,body,answer,upvotes,downvotes,publishedAt
q01,"Is Scaler Academy worth the fee of 3-4 lakhs?",is-scaler-academy-worth-the-fee,fees,"fees, worth, investment, roi, cost","ROI analysis and value assessment for premium pricing","I'm considering joining Scaler Academy but the fee is around 3-4 lakhs which is quite high. I'm currently earning 5 LPA and not sure if this investment will pay off. Has anyone done the ROI calculation? Is it really worth it compared to free resources?","Scaler's fee is premium (Rs 3-4L) but offers structured curriculum by MAANG engineers, live classes with doubt resolution, 1:1 mentorship, dedicated placement support, and 24/7 TA availability. Average salary hike is 126% with median placement at 18 LPA. ROI typically comes within 1-2 years for serious students. However, highly self-motivated individuals can leverage free resources. Scaler is best for those needing structure, accountability, and personalized guidance. Consider your learning style, time constraints, and career goals before deciding.",156,18,2025-01-20T09:00:00Z
q02,"What is the actual placement rate at Scaler Academy?",scaler-placement-rate-statistics,placements,"placements, statistics, job-rate, success-rate","Real placement numbers and timelines explained","I've seen Scaler advertise 95%+ placement rates but I'm skeptical. Are these numbers genuine? Do they include people who got placed in small startups with low packages? What's the median package and how long does placement take?","Scaler's 95%+ placement rate includes students placed within 6-12 months post-graduation, including internal transitions. Median CTC: Rs 17-18 LPA. Top performers: Rs 30-50+ LPA at Google, Microsoft, Amazon. Results depend on starting point, effort, previous experience, and interview performance. Students with 1-3 years experience see best ROI. Placement team actively assists with resume building, mock interviews, and company referrals. Timeline varies: 2-4 months for strong performers, 6+ months during hiring freezes. Realistic expectations and consistent effort are crucial.",142,15,2025-01-19T09:00:00Z
q03,"Can complete freshers with no coding background join Scaler?",scaler-freshers-beginners-eligibility,eligibility,"freshers, beginners, eligibility, non-cs","Entry requirements for coding beginners","I'm a 2024 graduate from non-CS background (Mechanical Engineering) with zero coding knowledge. Is Scaler suitable for me? Will I keep up with CS graduates in the batch?","Scaler accepts freshers and career changers with beginner-friendly tracks starting from basics. However: expect to invest extra effort (15-20+ hours/week), pace is fast requiring dedication, entrance test filters commitment level. Many non-CS freshers successfully transition with high dedication. Recommend completing basic Python course before applying. Success stories exist alongside dropouts - commitment is the deciding factor. Scaler provides foundation but requires consistent practice and willingness to learn. Consider your current technical aptitude and time availability honestly.",89,12,2025-01-18T09:00:00Z
q04,"How does Scaler compare to Coding Ninjas and other bootcamps?",scaler-vs-coding-ninjas-bootcamps,comparison,"comparison, coding-ninjas, bootcamps, alternatives","Detailed comparison with competing platforms","I'm confused between Scaler, Coding Ninjas, and PW Skills. Scaler is 3-4x more expensive. Is the quality really different? Some say Coding Ninjas content is equally good at half the price.","SCALER (Rs 3-4L): Best for serious placement focus, live classes, smaller batches, dedicated mentors, premium support. Best ROI for experienced professionals (2+ YOE). CODING NINJAS (Rs 1-2L): Good content, affordable, recorded lectures, larger community, less personalized support. Good for self-learners on budget. PW SKILLS (under Rs 1L): Most affordable, basic content, less structured, limited placement support. Entry-level option. Choose Scaler if: placement is priority, you need accountability, you have experience. Choose alternatives if: budget-constrained, highly self-disciplined, just need content access. Real difference: mentorship quality and placement support intensity.",178,24,2025-01-17T09:00:00Z
q05,"What if I don't get placed after completing Scaler?",scaler-placement-guarantee-refund,fees,"refund, guarantee, placement-assurance, risk","Refund policy and placement guarantee details","What if I pay Rs 4 lakhs and don't get placed? Does Scaler offer money-back guarantee? I've heard some people didn't get placed even after completing the course.","Scaler offers conditional job guarantee with specific criteria: 85%+ attendance, all assignments completed, mock interviews attended, actively applying to jobs. Meet criteria but no placement within stipulated time equals partial refund eligibility. Most not placed cases stem from: insufficient effort, poor interview preparation, unrealistic salary expectations, inadequate job applications. Placement team provides tools and connections but requires your active participation. Review exact refund terms with counselor before enrollment as they vary by batch and program type. ISA option reduces upfront risk by tying payment to employment.",134,11,2025-01-16T09:00:00Z
q06,"Are Scaler reviews on YouTube genuine or paid promotions?",scaler-reviews-authenticity-bias,reviews,"reviews, authenticity, testimonials, trust","Identifying genuine feedback vs sponsored content","Every Scaler YouTube review seems overly positive with referral codes. Are these genuine experiences or paid promotions? How do I find honest unbiased reviews?","Many YouTube reviews have referral incentives where reviewers earn if you join via their code so take with caution. For honest reviews: check LinkedIn posts from alumni, join Scaler Discord or Telegram groups, browse r/developersIndia subreddit, connect directly with alumni via LinkedIn. Negative reviews exist but get less visibility. Common genuine complaints: intense workload, premium pricing, placement taking longer than expected. Most honest assessments: content is excellent but results depend on your effort level. Outlier success stories are highlighted in marketing. Conduct multi-source research, talk to multiple alumni, consider both positive and critical perspectives.",167,19,2025-01-15T09:00:00Z
q07,"What salary hike can I realistically expect after Scaler?",scaler-salary-expectations-realistic,placements,"salary, hike, ctc, package, expectations","Realistic salary growth projections by experience level","I'm at 8 LPA with 3 years experience. Scaler shows people going from 8 to 25-30 LPA. Is this realistic or just outlier cases? What's the typical hike for someone like me?","For 8 LPA with 3 YOE realistic expectations: Typical range Rs 14-20 LPA (75-150% hike). Top performers: Rs 25-35 LPA (200%+ hike). The 3x jumps advertised usually involve: service to product company transitions, previously severely underpaid candidates, exceptional performers with luck. Factors affecting hike: current company tier, DSA and system design mastery, interview performance, target companies. Most realistic for your profile: Rs 15-18 LPA at mid-tier product companies or strong startups. MAANG packages (Rs 30+) require exceptional preparation and favorable circumstances. Set 80-100% hike as realistic target and anything above is bonus.",201,14,2025-01-14T09:00:00Z
q08,"Can working professionals manage Scaler with full-time jobs?",scaler-working-professionals-schedule,learning-experience,"working-professionals, schedule, time-commitment, balance","Time management strategies and workload reality","I work 9-6 with occasional oncall duties. Classes are on weekday evenings and weekends. Is this manageable with full-time job? How many hours needed weekly? Will I burn out?","Scaler designed for working professionals but requires serious commitment. Typical schedule: Live classes 3-4 hours on weekends plus 1-2 evening sessions. Self-study: 10-15 hours per week for assignments practice and revision. Total: 15-20 hours per week minimum. Success strategies: reduce social commitments during program, utilize commute time for revision, wake early for practice, take strategic leaves for important modules. Burnout risk is real over 6-9 months. Thousands successfully complete while employed. Key is consistency over intensity. If your job involves frequent overtime (60+ hour weeks) or heavy oncall consider waiting for stabler period. Family commitments add complexity so honest bandwidth assessment is crucial.",189,21,2025-01-13T09:00:00Z
q09,"Which companies hire from Scaler and for what roles?",scaler-hiring-companies-roles-maang,placements,"companies, hiring-partners, roles, maang, jobs","Specific employer list and job opportunities","Which companies actually hire from Scaler? Are these only startups or real MAANG companies? What roles - SDE1 or SDE2? Do product companies hire from bootcamps without stigma?","Companies hiring from Scaler include MAANG companies like Google Amazon Microsoft and Meta with many alumni placed there. Top startups include Flipkart Swiggy Razorpay Zerodha Groww and CRED. MNCs include Walmart Adobe Intuit Atlassian and Goldman Sachs. Service transitions happen where Infosys TCS and Wipro employees move to product companies. Roles offered are mostly SDE1 or SDE2 based on experience. Senior roles like SDE3+ need additional years of experience. There is no bootcamp stigma if you clear interviews as companies evaluate skills not learning source. However some companies have YOE filters where bootcamp alone is insufficient. Best outcomes are for those with 1-4 years experience transitioning to better companies. Placement depends on interview performance not just Scaler certificate.",223,16,2025-01-12T09:00:00Z
q10,"How good are Scaler mentors and teaching assistants?",scaler-mentors-teaching-quality,support,"mentors, teachers, support, instruction-quality","Instructor expertise and support system quality","Mixed feedback about mentors - some say they're ex-MAANG and excellent, others say TAs are inexperienced. What's actual instruction quality? Can I directly reach mentors?","Instructor quality is generally strong. Main instructors are experienced engineers from Google Amazon and similar companies with proven teaching ability covering core concepts excellently. TAs are a mix of Scaler alumni and current high-performing students. Quality varies but most are helpful for basic doubts. For complex doubts you can access instructors through dedicated office hours. One on one mentors who are career guides have quality that is luck-dependent with some being very involved and others passive. You can request mentor change if assigned a passive one and management accommodates this. The 24/7 doubt support is real and responsive via Slack channels. Overall assessment: content delivery is excellent, doubt resolution is good, and one on one mentorship is hit-or-miss but changeable. Proactive students extract maximum value.",195,13,2025-01-11T09:00:00Z
q11,"How comprehensive is Scaler's DSA curriculum?",scaler-dsa-curriculum-depth,curriculum,"curriculum, dsa, syllabus, coverage","Algorithm and data structure coverage analysis","Does Scaler's DSA curriculum cover everything needed for top tech companies? How deep does it go? Sufficient for cracking MAANG interviews?","The curriculum covers 300+ problems across all major DSA topics including arrays strings linked lists trees graphs heaps dynamic programming advanced algorithms and bit manipulation. Progression goes from basics to advanced patterns emphasizing problem-solving techniques. It includes system design fundamentals integrated with DSA concepts. Some students find the initial pace challenging but most appreciate the thoroughness. The curriculum is aligned with FAANG interview patterns based on actual interview questions. It is supplemented with weekly contests and company-specific problem sets. This provides an adequate foundation but serious MAANG aspirants typically supplement with LeetCode and InterviewBit for additional practice. The teaching methodology uses a pattern recognition approach rather than memorization.",187,12,2025-01-10T09:00:00Z
q12,"Does Scaler teach modern frameworks and cloud technologies?",scaler-modern-tech-stack-frameworks,curriculum,"curriculum, full-stack, frameworks, technologies","Web development and DevOps coverage","Does Scaler cover full-stack development with modern tools or just DSA? Includes React, Node, AWS, Docker?","The core program focuses on DSA and system design as primary skills. The full-stack specialization track includes MERN stack which is MongoDB Express React and Node along with AWS basics Docker containerization REST API development and Git workflows. Depth varies by track chosen with foundations provided rather than expert-level mastery in each technology. The content is industry-relevant but not exhaustive on every framework. AI and ML fundamentals were recently added along with Kubernetes basics. Some students supplement with Udemy or FreeCodeCamp for deeper framework knowledge. The approach emphasizes conceptual understanding enabling you to learn any framework rather than making you expert in one specific stack. This is sufficient for full-stack SDE roles but specialized roles may need additional learning.",164,15,2025-01-09T09:00:00Z
q13,"How often is Scaler's curriculum updated?",scaler-curriculum-updates-relevance,curriculum,"curriculum, updates, relevance, freshness","Content freshness and industry alignment","Does Scaler keep up with rapidly changing tech? Do they update content regularly or is it outdated?","Major curriculum updates happen every 6-8 months based on hiring partner feedback and industry trends. Recent additions include AI and ML fundamentals microservices architecture Kubernetes basics GraphQL and serverless computing. System design content is refreshed quarterly with new case studies. The core DSA curriculum remains relatively stable as fundamentals don't change much. Scaler maintains relationships with 200+ hiring companies to stay informed about trends. Some modules may lag cutting-edge trends by a few months. New frameworks are added based on hiring demand patterns. The interview questions database is continuously updated with recent company questions. Overall there is a balance between stable fundamentals and emerging technologies. The content is more current than traditional education but not bleeding-edge.",178,11,2025-01-08T09:00:00Z
q14,"What's the batch size and does it affect personalized attention?",scaler-batch-size-attention,learning-experience,"batch-size, attention, personalization, class-size","Class size and individual support availability","Concerned about getting lost in large batches. How many students per batch? Can instructors give individual attention?","Batches typically have 50-100 students per cohort. Live classes accommodate questions during sessions with breakout discussions for deeper dives. Individual attention comes primarily through one on one mentor sessions which happen 1-2 times per month rather than during main lectures. Larger batches may have less interactive main-class discussion but all sessions are recorded for rewatching. TA support is available on Slack channels for daily queries with 4-8 hour response time. Quality of personalization depends on how proactively you engage with mentors and TAs. Office hours with instructors are available weekly for complex doubts. Study groups of 5-8 students are organized by TAs for collaborative learning. Overall main lectures are less personalized but multiple channels for individual support exist.",156,14,2025-01-07T09:00:00Z
q15,"Are classes truly live or pre-recorded?",scaler-live-vs-recorded-classes,learning-experience,"live-classes, recorded, teaching-format, interaction","Teaching methodology and session format","Skeptical about 'live' classes claim. Are they actually live with interaction or recorded videos at scheduled times?","Core instructional sessions are genuinely live with real-time Q&A polls coding demonstrations and whiteboard sessions. Instructors share screens debug code live and answer questions during the session. Some supplementary content like prerequisite modules and optional deep-dives use recorded videos that are clearly marked as such. Recordings of live session are available within 24 hours for review. Instructor availability varies with some being very responsive during sessions and others less so but all provide doubt-solving channels. Most students appreciate the live format for immediate clarification. Occasional scheduling conflicts are helped by recordings for working professionals who miss live sessions. Attendance tracking is enforced but recordings provide flexibility. Interactive elements include breakout rooms live polls and coding challenges during the session.",183,9,2025-01-06T09:00:00Z
q16,"How difficult to keep up with Scaler while working full-time?",scaler-pace-difficulty-working,learning-experience,"difficulty, pace, time-management, workload","Realistic workload and sustainability assessment","Working 9-6 job worried about keeping up. Is it actually doable or just marketing about work-life balance?","The program requires strict 15-20 hours weekly minimum for classes assignments and practice. Content is genuinely intensive and not marketing exaggeration. Many thousands successfully balance with jobs but need strong discipline and reduced leisure activities. Weekend batches help but remain demanding. Some students extend the program from 6 months to 9-12 months for better balance. Weeks with heavy office work can be brutal so strategic planning is needed. It is not feasible if you are regularly working 60+ hour weeks. Family commitments add complexity requiring partner and family support. Typical sacrifices include reduced social events early mornings for practice and weekends focused on coursework. For burnout prevention take breaks between intense modules and maintain basic self-care. Realistic bandwidth assessment is crucial before enrolling. The most challenging period is the first 2 months adjusting to the pace.",198,22,2025-01-05T09:00:00Z
q17,"Is there an active Scaler community for peer learning?",scaler-community-peer-learning,community,"community, networking, peer-support, collaboration","Student and alumni network engagement","Is there strong community where students help each other or is everyone competing? Can I network with alumni?","There are active Slack channels organized by batch and topic with decent daily engagement of 50-100 messages per day in active channels. Quality varies by batch culture with some being very collaborative and others quieter. The alumni network includes 10000+ professionals across companies with a dedicated LinkedIn group. Regular events include virtual meetups hackathons and alumni panels that happen monthly. Job referrals are actively shared in the LinkedIn group and Slack. Community engagement depends heavily on individual participation as passive members get less value. Study groups are TA-facilitated with groups of 5-8 students for collaborative problem-solving. WhatsApp groups form spontaneously for quick discussions. Overall there are decent networking opportunities if you actively engage. Some students form lasting professional connections while others complete the program more independently. There is also an unofficial student-run Discord server for casual discussions.",207,8,2025-01-04T09:00:00Z
q18,"Can I find study partners for collaboration at Scaler?",scaler-study-partners-groups,community,"study-groups, collaboration, partners, peers","Peer connection and group study facilitation","Want to learn with others not alone. Does Scaler help connect students for group study?","Formal study groups of 5-8 students are organized by TAs based on skill level timezone and learning pace. Project collaborations are encouraged especially for full-stack modules with team assignments. WhatsApp groups form spontaneously within batches for daily discussions and doubt-sharing. Batch culture varies with some being naturally more collaborative than others depending on cohort dynamics. Platform tools include peer matching feature discussion forums and collaborative coding spaces. Pair programming sessions are included in the curriculum for practicing interviews. Success in finding compatible partners varies so proactive networking is essential. Some students form lasting professional relationships beyond the program. Solo learners also successfully complete the program as group participation is optional but beneficial. Batch-mate connections often lead to job referrals post-completion. Geographic diversity enables learning from different perspectives and company cultures.",179,10,2025-01-03T09:00:00Z
q19,"How good is the Scaler learning platform and IDE?",scaler-platform-technology-quality,platform,"platform, ide, interface, technology","Technology infrastructure and tools assessment","Before investing want to know if learning platform is smooth or buggy. Is coding environment good?","The platform is a custom LMS with integrated browser-based IDE supporting Python Java C++ JavaScript and Go. Auto-graded submissions provide test case feedback and performance metrics. The UI is generally clean and intuitive though occasional bugs are reported like slow loading during peak times or submission errors that are resolved within hours. A mobile app is available for watching lectures but desktop is strongly recommended for coding. Progress tracking includes a dashboard clearly showing completion rates problem-solving statistics and learning streaks. The code editor is decent with syntax highlighting and basic autocomplete but not as feature-rich as VSCode so some prefer local development. Platform uptime is generally excellent with rare outages maintaining 99%+ availability. Recent improvements include faster loading better video player and enhanced code execution. Video quality is 1080p with adjustable playback speed. Overall it is a solid platform continuously improving based on feedback.",191,13,2025-01-02T09:00:00Z
q20,"Are there enough practice problems and mock interviews?",scaler-practice-resources-mocks,platform,"practice, problems, mock-interviews, resources","Hands-on learning material sufficiency","Concerned about getting sufficient practice. How many problems and mock interviews actually provided?","The practice library contains 1000+ problems across difficulty levels with 30% easy 50% medium and 20% hard covering all DSA topics. Problems are tagged by company like Amazon and Google style by pattern such as sliding window and DP and by topic like graphs and trees. Mock interviews include 4-6 per student conducted with TAs or external interviewers with detailed feedback provided. Additional resources include weekly contests company-specific question sets and system design case studies. Student feedback indicates some want more company-specific questions. Platform problems are sufficient for a solid foundation. Serious MAANG aspirants typically supplement with LeetCode where Premium is recommended along with InterviewBit and Pramp for additional practice. Mock quality varies by interviewer and you can request additional mocks or a different interviewer. Overall it provides an adequate base but top company aspirants usually practice beyond provided resources for broader exposure.",214,16,2025-01-01T09:00:00Z
q21,"Do tier-2/tier-3 college graduates get equal opportunities?",scaler-college-tier-placement-equality,placements,"college-tier, background, opportunities, meritocracy","Educational background impact on placement","From tier-3 college worried companies will reject based on degree. Does college brand matter after Scaler?","Scaler emphasizes meritocracy and skills over pedigree with diverse success stories including graduates from tier-2 and tier-3 colleges and non-CS degrees. Reality is nuanced as MAANG and top startups remain highly competitive for everyone regardless of background. Tier-1 college graduates may have a slight advantage in resume screening algorithms initially. Skills demonstrated through projects problem-solving and Scaler certification help significantly level the playing field. Companies hiring through Scaler see candidates as Scaler alumni first which reduces college bias. After 2-3 years of experience network and referrals matter more than degree. Performance in interviews is ultimately the decisive factor. Some companies still filter by IIT or NIT but many don't. Strategy is to leverage Scaler alumni network for referrals which helps bypass resume screens. Overall college brand matters less after demonstrating skills but an initial barrier may exist for ultra-competitive roles.",234,17,2024-12-31T09:00:00Z
q22,"How long to get placed after completing Scaler?",scaler-placement-timeline-duration,placements,"placement-timeline, job-search, duration","Realistic job hunting duration expectations","Want realistic expectations not marketing numbers. How long does it actually take to land job after finishing?","Median timeline is 3-4 months post-completion for actively searching candidates. There is significant variation by market conditions prior experience and individual preparation. High performers in the top 10-15% get placed in 2-4 weeks. Longer searches of 6+ months happen especially during hiring freezes or economic downturns. Active effort is crucial meaning 5-10 applications daily along with networking and following up on leads. Placement support lasts 12 months and includes referrals resume reviews interview prep and company connections. Longer searches correlate with limited interview practice targeting only top-tier companies or challenging market conditions. International opportunities take 6-12 months due to visa complexities. Financial preparation means maintaining a 4-6 month runway for job search. Some students get placed before completion through referrals. Realistic expectation is 3-5 months with consistent effort.",203,19,2024-12-30T09:00:00Z
q23,"Does Scaler help with resume and LinkedIn optimization?",scaler-resume-linkedin-services,support,"resume, linkedin, career-services, profile","Professional branding and presentation support","Weak at presenting myself on resume and LinkedIn. Does Scaler provide hands-on help or generic templates?","Resume services include reviews ATS-friendly templates and before-after transformations. LinkedIn optimization includes workshops covering headline summary skills and experience sections with examples. Career coaches are available for one on one sessions reviewing your specific profile. Quality varies by assigned counselor with some being very detailed and others more generic. Proactive iteration is key to getting value as students who ask for multiple reviews benefit most. Self-service resources are available 24/7 including templates examples and video guides. Cover letter guidance is provided with templates. Some students hire external resume writers for additional polish which costs Rs 3-5k. Overall there is solid foundational help but it requires your active participation. Best results come from combining Scaler guidance with external feedback from alumni or seniors. Portfolio building guidance covers GitHub project presentation and technical blogs.",176,11,2024-12-29T09:00:00Z
q24,"Are there hidden costs beyond Scaler's upfront fee?",scaler-hidden-costs-transparency,fees,"hidden-costs, transparency, additional-expenses","Total cost of ownership and surprise charges","Want to know true cost. Are there surprise charges or is quoted fee actually everything?","There are no mandatory hidden fees beyond the quoted program cost of Rs 3-4L. Pricing is transparent with EMI options clearly listed upfront. Optional advanced tracks like full-stack specialization or data science cost extra if taken after core program completion. Student investments include LeetCode Premium at $35 per month System Design courses at $50-100 and interview prep books at Rs 2-3k which are optional but recommended by some. A personal laptop is required with minimum 8GB RAM and is not included. Stable internet is essential for live classes. There are no charges for mock interviews placement assistance which lasts 12 months alumni network access or TA support. Referral discounts are sometimes available at Rs 10-20k. Early-bird offers are occasionally provided. Overall this is one of the more transparent bootcamps. Budget an additional Rs 5-10k for optional resources based on your needs.",187,8,2024-12-28T09:00:00Z
q25,"Is ISA better than upfront payment for Scaler?",scaler-isa-vs-upfront-payment,fees,"isa, payment-options, financing, comparison","Payment model comparison and decision framework","Confused between paying upfront vs ISA. Which makes financial sense and what are catches?","ISA terms are 15-17% of monthly salary for 36-48 months once you are earning above Rs 5 LPA threshold. Total payment is capped at 2 to 2.5x the base fee. Upfront payment of Rs 3-4L is cheaper long-term if you have funds or can get a low-interest loan. ISA advantages include being good for cash-strapped learners having income protection where you pay nothing if unemployed or below threshold and reduced upfront risk. For break-even calculation if you expect CTC of Rs 15+ LPA then upfront saves money. For uncertain outcomes or Rs 8-12 LPA range ISA reduces risk. Terms to verify include salary calculation whether base vs CTC forbearance clauses early payoff options and grace period. Example calculation: Rs 18 LPA job with ISA equals Rs 27k per month times 36 months equals Rs 9.7L total versus Rs 3.5L upfront. Financial literacy is important so calculate based on your expected trajectory.",195,14,2024-12-27T09:00:00Z
q26,"What's Scaler's refund policy if program doesn't meet expectations?",scaler-refund-policy-terms,fees,"refund, guarantee, policy, risk-mitigation","Risk protection and money-back terms","Worried about investing then regretting. What's the refund policy if unsatisfied?","There is a 2-week trial period with 100% refund offered at program start which is a legitimate cooling-off window. Conditional refund is available if placement guarantees are not met but requires 85%+ attendance assignment completion and proof of job applications to 50+ companies. Terms are specific so read documentation carefully before enrolling as conditions are detailed. Most engaged students don't request refunds as value becomes apparent. There is no refund for dropping out mid-program after the trial period. The ISA model reduces upfront risk with payment tied to employment outcomes. Clarify clauses during enrollment counseling regarding what qualifies for refund. This is generally a fair policy but contingent on your effort and participation. Partial refunds are available in specific circumstances discussed case-by-case. Overall it is a legitimate guarantee with reasonable conditions protecting both parties.",168,13,2024-12-26T09:00:00Z
q27,"How responsive is Scaler's support team?",scaler-support-responsiveness,support,"support, responsiveness, help, service-quality","Customer service and issue resolution","Had bad experiences with unresponsive support elsewhere. How quickly does Scaler support respond?","There are multiple channels including email at support@scaler.com Slack channels and in-platform helpdesk. Response times are 4-8 hours via TA Slack for technical and content queries and 24-48 hours via email for administrative issues. Urgent issues during live classes are addressed real-time. There are mixed quality reviews with some praising thoroughness while others report generic responses requiring follow-ups. There is no phone support which frustrates some students. TAs are generally helpful for curriculum questions with detailed explanations. Payment refund and scheduling queries have slower response times of 48-72 hours. Escalation is possible for unresolved issues to senior support. Overall it is adequate but not exceptional support experience. Proactive communication and clear query formulation improves response quality. Peak times like batch starts and assignment deadlines may have slower responses.",173,18,2024-12-25T09:00:00Z
q28,"Do I get same mentor throughout Scaler program?",scaler-mentor-consistency,support,"mentorship, consistency, assignment, stability","Mentor relationship and continuity","Value consistency in mentorship. Will I have one mentor or keep getting different people?","Primary mentor assignment gives you one mentor for full program duration of 6-9 months. Matching criteria are based on background goals industry experience and availability. Mentor changes are possible if the fit isn't right or mentor becomes unavailable and you can request reassignment through support. Limited frequency of 1-2 sessions monthly means relationship depth varies by your proactiveness. Mentor quality varies significantly with some being exceptional like Google or Amazon seniors and others being adequate. Mentors are working professionals doing this part-time alongside their jobs. To maximize value use proactive agenda-setting pre-session preparation and communication between sessions. Additional mentorship is available informally from TAs and the alumni network. Overall there is a reasonable attempt at consistent mentorship but execution varies. Proactive students extract maximum value regardless of mentor assignment.",181,12,2024-12-24T09:00:00Z
q29,"What technical knowledge required before joining Scaler?",scaler-prerequisites-requirements,eligibility,"prerequisites, requirements, eligibility, knowledge","Entry barrier and preparation needs","Honest assessment - what do I need to know before starting? Don't want to be lost.","Basic programming proficiency is required in at least one language with Python Java C++ or JavaScript preferred. You should understand variables data types loops conditionals functions and basic arrays or lists. A beginner track is available for minimal background but still expects programming fundamentals. An admission assessment determines fit and appropriate track placement. A stronger foundation including OOP concepts and basic time complexity helps you maintain pace from day one. Absolute beginners struggle significantly so consider a foundation course like CodeAcademy or freeCodeCamp first. For mathematics basic algebra is sufficient and no advanced calculus is needed. Problem-solving aptitude matters more than theoretical knowledge. Recommended preparation is to solve 20-30 easy LeetCode problems to assess your readiness. Honest self-assessment during the trial period is crucial for success.",189,11,2024-12-23T09:00:00Z
q30,"Can non-engineers or self-taught developers join Scaler?",scaler-non-engineers-eligibility,eligibility,"non-engineers, self-taught, diverse-backgrounds","Background diversity and acceptance","From commerce background but learned coding myself. Will Scaler accept non-CS graduates and self-taught folks?","No engineering degree is required as the focus is on current skill assessment not credentials. The admission assessment tests aptitude problem-solving and basic programming regardless of educational background. Many successful graduates come from non-CS degrees including economics design biology and commerce. Self-taught developers are explicitly welcome if skills match requirements through the assessment. Portfolio projects and prior work experience are considered in evaluation. Passion and learning ability matter more than pedigree. Be realistic as if the admission test seems very difficult then foundation work may be needed first. Some hiring companies still prefer engineering degrees but the trend is moving toward skills-based hiring. Your background is a starting point not a disqualifier. Strategy is to build a strong GitHub portfolio demonstrating coding ability before applying.",201,9,2024-12-22T09:00:00Z
q31,"How does Scaler compare to free YouTube and LeetCode?",scaler-vs-free-resources,comparison,"free-resources, self-learning, youtube, leetcode","Structured learning versus self-study tradeoffs","Can learn everything free online. Why pay Rs 3-4 lakhs for YouTube and LeetCode content?","This is a valid question as all DSA content exists free on YouTube GeeksforGeeks LeetCode and FreeCodeCamp. Scaler's value proposition includes: Structured curriculum saves 100+ hours planning learning path. Live instruction clarifies concepts faster than rewatching videos. One on one mentorship provides personalized guidance on weak areas. Accountability through deadlines combats procrastination. Career services include resume help mock interviews and company referrals. Network access provides alumni connections and job referrals. Free resources require exceptional self-discipline and navigation through contradictory content. If you are highly self-motivated with strong time management then free resources can work. Scaler is justified if you need structure guidance accountability and faster job transition. Many people start self-learning hit a plateau then join a bootcamp. Cost matters less if ROI comes from faster high-paying job. Not everyone needs a bootcamp so honest self-assessment is key.",178,31,2024-12-21T09:00:00Z
q32,"Is Scaler better than Master's degree in CS?",scaler-vs-masters-degree,comparison,"masters-degree, msc, academic, bootcamp-vs-degree","Academic program versus bootcamp decision","Deciding between Scaler and MS in CS. Which is better investment for career switch and future prospects?","These serve different purposes. Scaler is job-focused with practical skills short duration of 6-9 months and targets immediate employment. MS offers academic depth research opportunities theoretical foundation and credibility over 2 years. Cost comparison shows MS costs Rs 20-40L in India or $40-80K abroad while Scaler costs Rs 3-4L. MS advantages include visa and immigration pathways H1B lottery advantage in US prestige from top universities and research opportunities. Employer perception shows MS from top universities carries prestige but bootcamp acceptance is growing rapidly in product companies. ROI timeline shows Scaler is faster at 1-2 years while MS is longer at 3-5 years. Choose MS if you want theory depth have research or teaching aspirations need international mobility or want long-term career in tech. Choose Scaler if you need immediate job switch are staying in India or working remote want practical skills focus or have budget constraints. For career switch Scaler is sufficient. For academic aspirations MS is better.",156,20,2024-12-20T09:00:00Z
q33,"What are most common complaints about Scaler?",scaler-complaints-criticism,reviews,"complaints, criticism, negatives, drawbacks","Honest negative feedback and limitations","Want honest negatives not just marketing. What do students actually complain about?","Common pain points from alumni include: 1) Mentor quality is inconsistent with assignment being luck-based. 2) Pace is overwhelming for working professionals despite marketing claims. 3) Aggressive sales tactics during enrollment and upselling. 4) Support has delays and gives generic responses. 5) Some content modules are rushed or outdated. 6) Placement stats include Rs 5-8 LPA offers which inflate averages. 7) Gap exists between marketing promises and average outcomes. 8) Large batch sizes reduce interaction quality. 9) Higher expectation of self-learning than communicated. 10) Passive learners expecting hand-holding are disappointed. 11) ISA terms are complex and financially demanding. 12) Some TAs are inexperienced. The program delivers value but requires realistic expectations and high personal effort. It is not a magic bullet as your effort determines outcomes. Mixed mentor experiences are the most common complaint.",134,47,2024-12-19T09:00:00Z
q34,"Is Scaler's marketing overhyped versus reality?",scaler-marketing-vs-reality,reviews,"marketing, hype, expectations, reality-check","Advertisement claims versus actual outcomes","Seeing impressive ads everywhere. Is Scaler really that good or just great marketing?","The answer is nuanced. Success stories in marketing are real but represent top 10-20% of performers not typical outcomes. Average outcomes show Rs 15-18L median versus Rs 30-40L showcased packages in ads. Placement guarantees have conditions buried in terms like attendance applications and performance requirements. Salary hikes depend heavily on prior experience as 3x jumps are rare without experience. Testimonial YouTubers often have referral incentives that are disclosed in fine print. LinkedIn alumni offer more realistic perspectives than marketing materials. The program genuinely delivers with solid curriculum real mentorship and actual placements but you need to manage expectations. You get out what you put in as effort determines outcomes. Marketing emphasizes outliers which is standard practice to attract customers. Treat advertised outcomes as ceiling not expectation. Independent reviews on Quora Reddit and Blind provide balanced views. Overall it is a good program with overpromising marketing.",112,52,2024-12-18T09:00:00Z
q35,"Does Scaler provide job referrals to partner companies?",scaler-job-referrals-connections,placements,"referrals, job-connections, hiring-partners","Company connections and referral assistance","How many companies does Scaler actually have partnerships with? Do they provide direct referrals or just resume forwarding?","Hiring partnerships exist with 200+ companies including MAANG unicorn startups and mid-size product companies. Direct referrals are provided where the placement team gives warm introductions to hiring managers. The process involves resume being shortlisted internally first then referred to companies based on profile fit. Interviews are not guaranteed as companies make final decisions. Referral advantage significantly increases interview callback rate versus cold applications. Company events include virtual hiring drives on-campus style interviews and hackathons with hiring partners. Off-cycle opportunities are shared in dedicated Slack channels and email. Alumni referrals are often more effective as the active alumni network provides employee referrals. Self-application is still needed alongside Scaler referrals so expect to apply to 50-100 companies yourself. Overall there are genuine partnerships with real referral value but this is not passive job placement.",198,15,2024-12-17T09:00:00Z
